description,latitude,longitude,timestamp
RAPE                          ,,,2015-01-15 12:00:00+00:00
RAPE                          ,,,2015-06-03 12:00:00+00:00
RAPE                          ,,,2015-07-19 12:00:00+00:00
RAPE                          ,,,2015-05-14 12:00:00+00:00
RAPE                          ,,,2015-07-06 12:00:00+00:00
RAPE OF A CHILD               ,,,2015-07-24 12:00:00+00:00
RAPE                          ,,,2015-03-31 12:00:00+00:00
RAPE                          ,,,2015-04-16 12:00:00+00:00
RAPE OF A CHILD               ,,,2015-05-26 12:00:00+00:00
RAPE OF A CHILD               ,,,2015-06-05 12:00:00+00:00
RAPE                          ,,,2015-06-30 12:00:00+00:00
RAPE                          ,,,2015-07-20 12:00:00+00:00
RAPE                          ,,,2015-07-21 12:00:00+00:00
RAPE                          ,,,2015-09-20 12:00:00+00:00
RAPE OF A CHILD               ,,,2015-09-24 12:00:00+00:00
RAPE                          ,,,2015-09-26 12:00:00+00:00
RAPE                          ,,,2015-09-28 12:00:00+00:00
RAPE                          ,,,2015-10-05 12:00:00+00:00
RAPE                          ,,,2015-10-14 12:00:00+00:00
RAPE                          ,,,2015-10-14 12:00:00+00:00
RAPE OF A CHILD               ,,,2015-10-23 12:00:00+00:00
RAPE                          ,,,2015-10-26 12:00:00+00:00
RAPE                          ,,,2015-10-30 12:00:00+00:00
RAPE OF A CHILD               ,,,2015-12-22 12:00:00+00:00
RAPE                          ,,,2016-01-19 12:00:00+00:00
RAPE                          ,,,2016-01-25 12:00:00+00:00
RAPE                          ,,,2016-01-25 12:00:00+00:00
AGG RAPE OF A CHILD           ,,,2016-01-27 12:00:00+00:00
RAPE OF A CHILD               ,,,2016-02-01 12:00:00+00:00
SEXUAL ASSAULT W/ OBJECT      ,,,2016-02-25 12:00:00+00:00
RAPE OF A CHILD               ,,,2016-03-07 12:00:00+00:00
RAPE                          ,,,2016-03-10 12:00:00+00:00
RAPE                          ,,,2016-03-17 12:00:00+00:00
RAPE OF A CHILD               ,,,2016-03-24 12:00:00+00:00
SEXUAL ASSAULT OF CHILD/OBJECT,,,2016-03-29 12:00:00+00:00
RAPE OF A CHILD               ,,,2016-04-07 12:00:00+00:00
RAPE                          ,,,2016-04-11 12:00:00+00:00
SEXUAL ASSAULT OF CHILD/OBJECT,,,2016-04-21 12:00:00+00:00
SEXUAL ASSAULT OF CHILD/OBJECT,,,2016-04-25 12:00:00+00:00
SEXUAL ASSAULT OF CHILD/OBJECT,,,2016-05-31 12:00:00+00:00
RAPE                          ,,,2016-06-01 12:00:00+00:00
RAPE OF A CHILD               ,,,2016-06-21 12:00:00+00:00
RAPE                          ,,,2016-07-05 12:00:00+00:00
RAPE OF A CHILD               ,,,2016-07-15 12:00:00+00:00
AGG RAPE                      ,,,2016-07-23 12:00:00+00:00
RAPE OF A CHILD               ,,,2016-07-27 12:00:00+00:00
RAPE OF A CHILD               ,,,2016-08-12 12:00:00+00:00
RAPE OF A CHILD               ,,,2016-08-15 12:00:00+00:00
SEXUAL ASSAULT OF CHILD/OBJECT,,,2016-08-17 12:00:00+00:00
RAPE OF A CHILD               ,,,2016-08-25 12:00:00+00:00
RAPE OF A CHILD               ,,,2016-09-06 12:00:00+00:00
SEXUAL ASSAULT OF CHILD/OBJECT,,,2016-09-07 12:00:00+00:00
SEXUAL ASSAULT OF CHILD/OBJECT,,,2016-09-16 12:00:00+00:00
SEXUAL ASSAULT OF CHILD/OBJECT,,,2016-09-20 12:00:00+00:00
RAPE                          ,,,2016-09-30 12:00:00+00:00
SEXUAL ASSAULT OF CHILD/OBJECT,,,2016-10-26 12:00:00+00:00
SEXUAL ASSAULT W/ OBJECT      ,,,2016-11-04 12:00:00+00:00
RAPE                          ,,,2016-11-05 12:00:00+00:00
SEXUAL ASSAULT OF CHILD/OBJECT,,,2016-11-15 12:00:00+00:00
RAPE                          ,,,2016-11-22 12:00:00+00:00
RAPE OF A CHILD               ,,,2016-11-22 12:00:00+00:00
RAPE                          ,,,2016-12-01 12:00:00+00:00
SEXUAL ASSAULT OF CHILD/OBJECT,,,2016-12-05 12:00:00+00:00
RAPE OF A CHILD               ,,,2016-12-12 12:00:00+00:00
SEXUAL ASSAULT W/ OBJECT      ,,,2016-12-13 12:00:00+00:00
SEXUAL ASSAULT OF CHILD/OBJECT,,,2016-12-21 12:00:00+00:00
SEXUAL ASSAULT OF CHILD/OBJECT,,,2016-12-21 12:00:00+00:00
AGG SEXUAL ASSAULT CHILD/OBJEC,,,2016-12-28 12:00:00+00:00
THEFT FROM PERSON             ,,,2016-08-16 12:00:00+00:00
AGG ROBBERY/DEADLY WEAPON     ,,,2016-11-20 12:00:00+00:00
AGG ROBBERY/DEADLY WEAPON     ,,,2014-05-21 12:00:00+00:00
AGG ASLT STRANGLE/SUFFOCATE   ,,,2014-02-08 12:00:00+00:00
THEFT                         ,,,2016-07-13 12:00:00+00:00
THEFT                         ,,,2016-01-30 12:00:00+00:00
AGG ASLT STRANGLE/SUFFOCATE   ,,,2015-10-18 12:00:00+00:00
BURGLARY OF VEHICLE           ,,,2015-02-05 12:00:00+00:00
AGG ASLT STRANGLE/SUFFOCATE   ,,,2016-03-14 12:00:00+00:00
AGG ASSAULT                   ,,,2015-07-20 12:00:00+00:00
THEFT                         ,,,2015-03-05 12:00:00+00:00
AUTO THEFT                    ,,,2015-12-10 12:00:00+00:00
AGG ROBBERY/DEADLY WEAPON     ,,,2015-11-06 12:00:00+00:00
BURGLARY OF RESIDENCE         ,,,2014-06-21 12:00:00+00:00
THEFT                         ,,,2015-06-11 12:00:00+00:00
AGG ROBBERY/DEADLY WEAPON     ,,,2015-08-10 12:00:00+00:00
THEFT BY SHOPLIFTING          ,,,2015-11-04 12:00:00+00:00
BURGLARY OF VEHICLE           ,,,2016-03-22 12:00:00+00:00
THEFT                         ,,,2016-05-09 12:00:00+00:00
BURGLARY OF VEHICLE           ,,,2016-01-18 12:00:00+00:00
BURGLARY NON RESIDENCE        ,,,2016-03-21 12:00:00+00:00
ROBBERY BY ASSAULT            ,,,2014-09-28 12:00:00+00:00
BURGLARY OF VEHICLE           ,,,2016-09-21 12:00:00+00:00
AGG ASLT STRANGLE/SUFFOCATE   ,,,2014-10-18 12:00:00+00:00
THEFT OF BICYCLE              ,,,2015-02-09 12:00:00+00:00
THEFT OF METAL                ,,,2014-10-09 12:00:00+00:00
THEFT                         ,,,2016-03-10 12:00:00+00:00
BURGLARY OF VEHICLE           ,,,2016-05-29 12:00:00+00:00
AUTO THEFT                    ,,,2014-04-09 12:00:00+00:00
AUTO THEFT                    ,,,2015-12-27 12:00:00+00:00
AUTO THEFT                    ,,,2015-03-28 12:00:00+00:00
THEFT                         ,,,2015-08-31 12:00:00+00:00
AUTO THEFT                    ,,,2014-06-28 12:00:00+00:00
THEFT                         ,,,2015-05-14 12:00:00+00:00
THEFT OF BICYCLE              ,,,2015-09-09 12:00:00+00:00
THEFT                         ,,,2014-12-01 12:00:00+00:00
THEFT                         ,,,2016-12-29 12:00:00+00:00
THEFT                         ,,,2016-01-23 12:00:00+00:00
BURGLARY OF VEHICLE           ,,,2015-07-17 12:00:00+00:00
THEFT                         ,,,2015-03-23 12:00:00+00:00
BURGLARY NON RESIDENCE        ,,,2014-08-26 12:00:00+00:00
THEFT                         ,,,2015-05-23 12:00:00+00:00
BURGLARY OF VEHICLE           ,,,2015-08-20 12:00:00+00:00
AGG ROBBERY/DEADLY WEAPON     ,,,2016-04-28 12:00:00+00:00
AGG ASLT STRANGLE/SUFFOCATE   ,,,2015-04-19 12:00:00+00:00
BURGLARY OF VEHICLE           ,,,2015-08-24 12:00:00+00:00
THEFT                         ,,,2014-01-23 12:00:00+00:00
AUTO THEFT                    ,,,2014-04-17 12:00:00+00:00
THEFT                         ,,,2015-04-09 12:00:00+00:00
BURGLARY OF VEHICLE           ,,,2016-03-14 12:00:00+00:00
THEFT                         ,,,2015-08-03 12:00:00+00:00
AGG ASSAULT                   ,,,2015-12-16 12:00:00+00:00
THEFT OF VEHICLE/OTHER        ,,,2015-09-04 12:00:00+00:00
THEFT OF BICYCLE              ,,,2015-06-18 12:00:00+00:00
BURGLARY OF VEHICLE           ,,,2016-07-29 12:00:00+00:00
AGG ASLT STRANGLE/SUFFOCATE   ,,,2014-07-05 12:00:00+00:00
THEFT                         ,,,2016-02-09 12:00:00+00:00
BREACH OF COMPUTER SECURITY   ,,,2014-12-04 12:00:00+00:00
THEFT                         ,,,2016-03-01 12:00:00+00:00
THEFT                         ,,,2015-11-24 12:00:00+00:00
THEFT                         ,,,2014-08-26 12:00:00+00:00
THEFT                         ,,,2016-03-23 12:00:00+00:00
THEFT OF METAL                ,,,2016-05-16 12:00:00+00:00
DEADLY CONDUCT                ,,,2014-04-15 12:00:00+00:00
BURGLARY NON RESIDENCE        ,,,2014-12-15 12:00:00+00:00
THEFT                         ,,,2016-10-26 12:00:00+00:00
AGG ASSAULT                   ,,,2015-08-15 12:00:00+00:00
ROBBERY BY ASSAULT            ,,,2016-07-28 12:00:00+00:00
BURGLARY OF RESIDENCE         ,,,2015-12-07 12:00:00+00:00
THEFT FROM PERSON             ,,,2016-06-01 12:00:00+00:00
THEFT BY SHOPLIFTING          ,,,2015-06-15 12:00:00+00:00
THEFT                         ,,,2014-01-29 12:00:00+00:00
THEFT                         ,,,2016-12-31 12:00:00+00:00
THEFT OF AUTO PARTS           ,,,2015-03-09 12:00:00+00:00
BURGLARY OF VEHICLE           ,,,2016-04-01 12:00:00+00:00
BURGLARY OF VEHICLE           ,,,2016-05-30 12:00:00+00:00
THEFT                         ,,,2015-08-13 12:00:00+00:00
BURGLARY OF VEHICLE           ,,,2015-05-15 12:00:00+00:00
BURGLARY OF VEHICLE           ,,,2015-06-01 12:00:00+00:00
THEFT                         ,,,2015-05-27 12:00:00+00:00
BURGLARY OF VEHICLE           ,,,2015-12-09 12:00:00+00:00
AGG ASSAULT                   ,,,2014-07-01 12:00:00+00:00
BURGLARY OF VEHICLE           ,,,2015-05-02 12:00:00+00:00
BURGLARY OF VEHICLE           ,,,2015-09-19 12:00:00+00:00
BURGLARY OF VEHICLE           ,,,2015-04-16 12:00:00+00:00
BURGLARY NON RESIDENCE        ,,,2015-09-23 12:00:00+00:00
THEFT FROM AUTO               ,,,2016-07-06 12:00:00+00:00
THEFT                         ,,,2014-12-11 12:00:00+00:00
AUTO THEFT                    ,,,2015-12-28 12:00:00+00:00
THEFT OF HEAVY EQUIPMENT      ,,,2015-02-02 12:00:00+00:00
AGG ASLT STRANGLE/SUFFOCATE   ,,,2015-09-03 12:00:00+00:00
BURGLARY OF VEHICLE           ,,,2015-06-07 12:00:00+00:00
AUTO THEFT                    ,,,2016-08-03 12:00:00+00:00
AGG ASLT STRANGLE/SUFFOCATE   ,,,2015-06-24 12:00:00+00:00
THEFT FROM PERSON             ,,,2015-02-09 12:00:00+00:00
THEFT                         ,,,2016-05-09 12:00:00+00:00
THEFT FROM PERSON             ,,,2015-10-10 12:00:00+00:00
BURGLARY OF VEHICLE           ,,,2014-12-14 12:00:00+00:00
AUTO THEFT                    ,,,2016-04-20 12:00:00+00:00
THEFT BY SHOPLIFTING          ,,,2015-03-02 12:00:00+00:00
THEFT                         ,,,2015-06-29 12:00:00+00:00
THEFT                         ,,,2015-07-28 12:00:00+00:00
THEFT BY SHOPLIFTING          ,,,2014-05-11 12:00:00+00:00
THEFT BY SHOPLIFTING          ,,,2014-09-10 12:00:00+00:00
THEFT                         ,,,2014-03-29 12:00:00+00:00
THEFT                         ,,,2014-03-30 12:00:00+00:00
THEFT                         ,,,2014-03-16 12:00:00+00:00
THEFT                         ,,,2014-03-04 12:00:00+00:00
THEFT                         ,,,2014-08-03 12:00:00+00:00
THEFT                         ,,,2014-06-15 12:00:00+00:00
THEFT                         ,,,2016-05-08 12:00:00+00:00
THEFT BY SHOPLIFTING          ,,,2016-05-29 12:00:00+00:00
THEFT BY SHOPLIFTING          ,,,2016-09-05 12:00:00+00:00
AGG ASSAULT FAM/DATE VIOLENCE ,,,2015-07-09 12:00:00+00:00
THEFT                         ,,,2016-04-14 12:00:00+00:00
BURGLARY NON RESIDENCE        ,,,2016-02-23 12:00:00+00:00
THEFT                         ,,,2016-11-02 12:00:00+00:00
THEFT                         ,,,2015-07-09 12:00:00+00:00
BURGLARY OF VEHICLE           ,,,2016-02-13 12:00:00+00:00
THEFT                         ,,,2016-09-13 12:00:00+00:00
BURGLARY OF VEHICLE           ,,,2015-07-12 12:00:00+00:00
THEFT BY SHOPLIFTING          ,,,2014-09-11 12:00:00+00:00
THEFT FROM PERSON             ,,,2015-11-07 12:00:00+00:00
THEFT                         ,,,2016-02-11 12:00:00+00:00
BURGLARY OF VEHICLE           ,,,2016-07-24 12:00:00+00:00
THEFT                         ,,,2016-09-20 12:00:00+00:00
THEFT                         ,,,2015-08-21 12:00:00+00:00
THEFT OF AUTO PARTS           ,,,2015-08-27 12:00:00+00:00
THEFT                         ,,,2016-03-04 12:00:00+00:00
BURGLARY OF VEHICLE           ,,,2016-02-29 12:00:00+00:00
BURGLARY OF VEHICLE           ,,,2014-02-21 12:00:00+00:00
THEFT FROM PERSON             ,,,2015-03-11 12:00:00+00:00
BURGLARY OF VEHICLE           ,,,2015-02-02 12:00:00+00:00
THEFT                         ,,,2014-09-02 12:00:00+00:00
AGG ASSAULT                   ,,,2015-06-28 12:00:00+00:00
THEFT                         ,,,2015-02-11 12:00:00+00:00
THEFT OF BICYCLE              ,,,2016-12-16 12:00:00+00:00
BURGLARY OF VEHICLE           ,,,2015-10-20 12:00:00+00:00
BURGLARY NON RESIDENCE        ,,,2014-12-29 12:00:00+00:00
THEFT                         ,,,2015-05-15 12:00:00+00:00
AGG ASLT STRANGLE/SUFFOCATE   ,,,2015-09-07 12:00:00+00:00
THEFT FROM PERSON             ,,,2016-10-05 12:00:00+00:00
AUTO THEFT                    ,,,2016-12-22 12:00:00+00:00
BURGLARY OF VEHICLE           ,,,2015-05-27 12:00:00+00:00
BURGLARY OF VEHICLE           ,,,2015-12-09 12:00:00+00:00
BURGLARY OF VEHICLE           ,,,2015-04-26 12:00:00+00:00
BURGLARY OF VEHICLE           ,,,2015-08-05 12:00:00+00:00
BURGLARY OF VEHICLE           ,,,2016-07-02 12:00:00+00:00
BURGLARY OF VEHICLE           ,,,2016-09-25 12:00:00+00:00
AUTO THEFT                    ,,,2015-04-13 12:00:00+00:00
THEFT                         ,,,2015-12-22 12:00:00+00:00
AUTO THEFT                    ,,,2014-05-29 12:00:00+00:00
BURGLARY OF RESIDENCE         ,,,2015-07-05 12:00:00+00:00
BURGLARY OF VEHICLE           ,,,2016-10-27 12:00:00+00:00
BURGLARY OF VEHICLE           ,,,2015-09-29 12:00:00+00:00
AGG ASLT STRANGLE/SUFFOCATE   ,,,2015-05-25 12:00:00+00:00
THEFT                         ,,,2015-07-31 12:00:00+00:00
THEFT OF BICYCLE              ,,,2014-08-31 12:00:00+00:00
AUTO THEFT                    ,,,2016-01-11 12:00:00+00:00
BURGLARY OF VEHICLE           ,,,2015-05-30 12:00:00+00:00
AGG ASLT ENHANC STRANGL/SUFFOC,,,2014-01-04 12:00:00+00:00
BURGLARY OF VEHICLE           ,,,2016-03-12 12:00:00+00:00
THEFT BY SHOPLIFTING          ,,,2015-09-14 12:00:00+00:00
BURGLARY OF VEHICLE           ,,,2016-07-01 12:00:00+00:00
BURGLARY OF VEHICLE           ,,,2016-02-12 12:00:00+00:00
THEFT OF TRAILER              ,,,2016-06-21 12:00:00+00:00
THEFT BY SHOPLIFTING          ,,,2014-05-05 12:00:00+00:00
THEFT                         ,,,2016-09-05 12:00:00+00:00
THEFT                         ,,,2014-08-13 12:00:00+00:00
THEFT                         ,,,2016-12-12 12:00:00+00:00
AUTO THEFT                    ,,,2016-12-25 12:00:00+00:00
THEFT OF LICENSE PLATE        ,,,2016-11-14 12:00:00+00:00
AUTO THEFT                    ,,,2014-07-31 12:00:00+00:00
THEFT                         ,,,2016-05-02 12:00:00+00:00
THEFT FROM AUTO               ,,,2014-01-24 12:00:00+00:00
THEFT                         ,,,2015-12-17 12:00:00+00:00
THEFT                         ,,,2015-04-28 12:00:00+00:00
THEFT FROM BUILDING           ,,,2014-07-14 12:00:00+00:00
AGG ASSAULT FAM/DATE VIOLENCE ,,,2015-10-15 12:00:00+00:00
BURGLARY OF VEHICLE           ,,,2014-04-06 12:00:00+00:00
THEFT                         ,,,2016-01-11 12:00:00+00:00
AGG ROBBERY/DEADLY WEAPON     ,,,2015-02-23 12:00:00+00:00
THEFT FROM PERSON             ,,,2016-12-31 12:00:00+00:00
THEFT                         ,,,2016-11-09 12:00:00+00:00
BURGLARY OF RESIDENCE         ,,,2016-07-30 12:00:00+00:00
AUTO THEFT                    ,,,2015-05-28 12:00:00+00:00
THEFT BY SHOPLIFTING          ,,,2015-08-07 12:00:00+00:00
BURGLARY OF VEHICLE           ,,,2016-07-24 12:00:00+00:00
BURGLARY OF VEHICLE           ,,,2014-04-11 12:00:00+00:00
THEFT                         ,,,2016-05-26 12:00:00+00:00
THEFT BY SHOPLIFTING          ,,,2015-10-22 12:00:00+00:00
THEFT                         ,,,2014-12-27 12:00:00+00:00
BURGLARY OF VEHICLE           ,,,2015-07-19 12:00:00+00:00
THEFT                         ,,,2016-06-16 12:00:00+00:00
AUTO THEFT                    ,,,2014-03-19 12:00:00+00:00
BURGLARY NON RESIDENCE        ,,,2014-06-01 12:00:00+00:00
THEFT                         ,,,2015-10-15 12:00:00+00:00
THEFT BY SHOPLIFTING          ,,,2015-10-21 12:00:00+00:00
THEFT OF HEAVY EQUIPMENT      ,,,2016-05-02 12:00:00+00:00
AGG ASSAULT                   ,,,2014-06-05 12:00:00+00:00
THEFT FROM PERSON             ,,,2014-07-23 12:00:00+00:00
THEFT FROM PERSON             ,,,2014-02-20 12:00:00+00:00
AGG ASSAULT FAM/DATE VIOLENCE ,,,2015-06-01 12:00:00+00:00
BURGLARY OF VEHICLE           ,,,2014-01-02 12:00:00+00:00
BURGLARY OF VEHICLE           ,,,2015-06-03 12:00:00+00:00
THEFT OF BICYCLE              ,,,2015-05-06 12:00:00+00:00
THEFT BY SHOPLIFTING          ,,,2015-05-07 12:00:00+00:00
AUTO THEFT                    ,,,2015-06-20 12:00:00+00:00
THEFT                         ,,,2015-06-24 12:00:00+00:00
AGG ROBBERY/DEADLY WEAPON     ,,,2016-03-02 12:00:00+00:00
THEFT BY SHOPLIFTING          ,,,2015-04-13 12:00:00+00:00
THEFT OF LICENSE PLATE        ,,,2015-11-19 12:00:00+00:00
THEFT                         ,,,2014-06-22 12:00:00+00:00
BURGLARY NON RESIDENCE        ,,,2014-12-04 12:00:00+00:00
BURGLARY OF VEHICLE           ,,,2016-07-29 12:00:00+00:00
THEFT OF BICYCLE              ,,,2016-09-27 12:00:00+00:00
THEFT BY SHOPLIFTING          ,,,2016-02-26 12:00:00+00:00
THEFT                         ,,,2016-12-06 12:00:00+00:00
AUTO THEFT                    ,,,2014-12-04 12:00:00+00:00
THEFT                         ,,,2015-05-12 12:00:00+00:00
AUTO THEFT                    ,,,2014-05-28 12:00:00+00:00
BURGLARY NON RESIDENCE        ,,,2016-10-30 12:00:00+00:00
BURGLARY OF VEHICLE           ,,,2015-07-20 12:00:00+00:00
THEFT                         ,,,2015-04-30 12:00:00+00:00
BURGLARY OF VEHICLE           ,,,2016-12-01 12:00:00+00:00
THEFT                         ,,,2016-03-10 12:00:00+00:00
AUTO THEFT                    ,,,2015-10-01 12:00:00+00:00
BURGLARY OF VEHICLE           ,,,2014-10-14 12:00:00+00:00
THEFT FROM PERSON             ,,,2014-11-08 12:00:00+00:00
THEFT                         ,,,2014-07-16 12:00:00+00:00
BURGLARY OF VEHICLE           ,,,2015-06-15 12:00:00+00:00
AGG ASSAULT                   ,,,2014-02-24 12:00:00+00:00
BURGLARY OF VEHICLE           ,,,2016-12-28 12:00:00+00:00
AGG ASSAULT                   ,,,2015-12-30 12:00:00+00:00
ROBBERY BY ASSAULT            ,,,2015-09-08 12:00:00+00:00
THEFT BY SHOPLIFTING          ,,,2015-11-16 12:00:00+00:00
BURGLARY OF VEHICLE           ,,,2016-11-24 12:00:00+00:00
THEFT BY SHOPLIFTING          ,,,2014-04-02 12:00:00+00:00
THEFT BY SHOPLIFTING          ,,,2016-12-18 12:00:00+00:00
AUTO THEFT                    ,,,2015-05-28 12:00:00+00:00
THEFT                         ,,,2015-06-27 12:00:00+00:00
THEFT                         ,,,2016-03-09 12:00:00+00:00
AUTO THEFT                    ,,,2016-08-24 12:00:00+00:00
BURGLARY OF VEHICLE           ,,,2016-06-16 12:00:00+00:00
THEFT BY SHOPLIFTING          ,,,2016-03-08 12:00:00+00:00
BURGLARY NON RESIDENCE        ,,,2015-06-01 12:00:00+00:00
BURGLARY NON RESIDENCE        ,,,2016-10-10 12:00:00+00:00
RAPE                          ,30.264979,-97.746598,2014-12-08 12:00:00+00:00
RAPE                          ,30.264979,-97.746598,2014-04-06 12:00:00+00:00
RAPE                          ,30.264979,-97.746598,2014-07-13 12:00:00+00:00
RAPE                          ,30.264979,-97.746598,2014-07-22 12:00:00+00:00
AGG RAPE                      ,30.264979,-97.746598,2014-04-13 12:00:00+00:00
RAPE                          ,30.264979,-97.746598,2014-04-08 12:00:00+00:00
AGG RAPE OF A CHILD           ,30.264979,-97.746598,2014-08-27 12:00:00+00:00
RAPE                          ,30.264979,-97.746598,2014-02-04 12:00:00+00:00
AGG RAPE OF A CHILD           ,30.264979,-97.746598,2014-01-22 12:00:00+00:00
RAPE                          ,30.264979,-97.746598,2014-04-11 12:00:00+00:00
RAPE                          ,30.264979,-97.746598,2014-09-18 12:00:00+00:00
RAPE                          ,30.264979,-97.746598,2014-06-25 12:00:00+00:00
RAPE OF A CHILD               ,30.264979,-97.746598,2014-03-19 12:00:00+00:00
RAPE                          ,30.264979,-97.746598,2014-11-04 12:00:00+00:00
RAPE                          ,30.264979,-97.746598,2014-11-30 12:00:00+00:00
RAPE                          ,30.264979,-97.746598,2014-12-25 12:00:00+00:00
RAPE                          ,30.264979,-97.746598,2014-04-07 12:00:00+00:00
RAPE                          ,30.264979,-97.746598,2014-04-01 12:00:00+00:00
RAPE                          ,30.264979,-97.746598,2014-05-14 12:00:00+00:00
RAPE                          ,30.264979,-97.746598,2014-04-05 12:00:00+00:00
RAPE                          ,30.264979,-97.746598,2014-04-27 12:00:00+00:00
RAPE                          ,30.264979,-97.746598,2014-05-13 12:00:00+00:00
AGG RAPE OF A CHILD           ,30.264979,-97.746598,2014-08-20 12:00:00+00:00
RAPE OF A CHILD               ,30.264979,-97.746598,2014-06-23 12:00:00+00:00
RAPE                          ,30.264979,-97.746598,2014-12-22 12:00:00+00:00
RAPE                          ,30.264979,-97.746598,2014-09-28 12:00:00+00:00
RAPE                          ,30.264979,-97.746598,2014-03-18 12:00:00+00:00
RAPE                          ,30.264979,-97.746598,2014-09-06 12:00:00+00:00
BURGLARY OF VEHICLE           ,,,2014-06-29 12:00:00+00:00
THEFT BY SHOPLIFTING          ,,,2015-06-08 12:00:00+00:00
THEFT                         ,,,2014-08-01 12:00:00+00:00
BURGLARY OF VEHICLE           ,,,2016-04-10 12:00:00+00:00
BURG NON RESIDENCE SHEDS      ,,,2015-09-08 12:00:00+00:00
THEFT                         ,,,2015-11-17 12:00:00+00:00
THEFT                         ,,,2016-11-30 12:00:00+00:00
THEFT                         ,,,2016-01-30 12:00:00+00:00
THEFT                         ,,,2016-07-15 12:00:00+00:00
THEFT                         ,,,2014-07-24 12:00:00+00:00
AGG ASSAULT                   ,,,2014-06-08 12:00:00+00:00
BURGLARY OF VEHICLE           ,,,2014-09-23 12:00:00+00:00
BURGLARY OF VEHICLE           ,,,2016-05-04 12:00:00+00:00
THEFT FROM PERSON             ,,,2014-07-10 12:00:00+00:00
BURGLARY OF VEHICLE           ,,,2014-06-10 12:00:00+00:00
AGG ROBBERY/DEADLY WEAPON     ,,,2016-12-13 12:00:00+00:00
AGG ASLT STRANGLE/SUFFOCATE   ,,,2014-10-26 12:00:00+00:00
BURGLARY OF VEHICLE           ,,,2015-02-13 12:00:00+00:00
BURGLARY OF VEHICLE           ,,,2015-07-25 12:00:00+00:00
BURGLARY NON RESIDENCE        ,,,2015-10-19 12:00:00+00:00
THEFT                         ,,,2015-02-21 12:00:00+00:00
THEFT OF BICYCLE              ,,,2016-06-24 12:00:00+00:00
THEFT                         ,,,2016-09-16 12:00:00+00:00
THEFT                         ,,,2015-10-09 12:00:00+00:00
THEFT                         ,,,2015-12-21 12:00:00+00:00
AUTO THEFT                    ,,,2016-12-09 12:00:00+00:00
THEFT                         ,,,2016-01-07 12:00:00+00:00
BURGLARY OF VEHICLE           ,,,2016-07-22 12:00:00+00:00
BURGLARY OF VEHICLE           ,,,2016-11-30 12:00:00+00:00
BURGLARY OF VEHICLE           ,,,2016-11-30 12:00:00+00:00
BURGLARY OF VEHICLE           ,,,2016-12-31 12:00:00+00:00
THEFT BY SHOPLIFTING          ,,,2014-03-15 12:00:00+00:00
BURGLARY OF VEHICLE           ,,,2015-10-19 12:00:00+00:00
AGG ASLT STRANGLE/SUFFOCATE   ,,,2014-02-16 12:00:00+00:00
BURGLARY OF VEHICLE           ,,,2014-03-24 12:00:00+00:00
THEFT                         ,,,2014-11-14 12:00:00+00:00
AUTO THEFT                    ,,,2014-02-04 12:00:00+00:00
THEFT FROM PERSON             ,,,2016-10-23 12:00:00+00:00
AUTO THEFT                    ,,,2014-04-21 12:00:00+00:00
BURGLARY OF VEHICLE           ,,,2014-07-31 12:00:00+00:00
THEFT                         ,,,2016-06-14 12:00:00+00:00
THEFT                         ,,,2015-03-20 12:00:00+00:00
THEFT BY SHOPLIFTING          ,,,2015-09-02 12:00:00+00:00
THEFT BY SHOPLIFTING          ,,,2015-09-14 12:00:00+00:00
THEFT                         ,,,2015-10-21 12:00:00+00:00
THEFT                         ,,,2015-09-10 12:00:00+00:00
THEFT                         ,,,2015-10-15 12:00:00+00:00
THEFT                         ,,,2014-01-06 12:00:00+00:00
BURGLARY OF VEHICLE           ,,,2016-04-01 12:00:00+00:00
THEFT                         ,,,2016-03-06 12:00:00+00:00
BURGLARY OF VEHICLE           ,,,2015-11-20 12:00:00+00:00
THEFT                         ,,,2016-12-04 12:00:00+00:00
THEFT OF BICYCLE              ,,,2014-06-26 12:00:00+00:00
THEFT                         ,,,2016-07-25 12:00:00+00:00
THEFT OF BICYCLE              ,,,2015-06-05 12:00:00+00:00
THEFT                         ,,,2016-12-13 12:00:00+00:00
THEFT                         ,,,2016-02-22 12:00:00+00:00
BURGLARY OF VEHICLE           ,,,2016-01-08 12:00:00+00:00
THEFT FROM AUTO               ,,,2016-11-03 12:00:00+00:00
BURGLARY OF VEHICLE           ,,,2015-07-29 12:00:00+00:00
BURGLARY OF VEHICLE           ,,,2015-12-10 12:00:00+00:00
THEFT BY SHOPLIFTING          ,,,2015-08-04 12:00:00+00:00
THEFT                         ,,,2015-08-27 12:00:00+00:00
THEFT                         ,,,2015-12-05 12:00:00+00:00
THEFT                         ,,,2016-11-06 12:00:00+00:00
BURGLARY OF VEHICLE           ,,,2016-07-17 12:00:00+00:00
THEFT OF AUTO PARTS           ,,,2016-09-14 12:00:00+00:00
THEFT OF BICYCLE              ,,,2016-11-23 12:00:00+00:00
THEFT                         ,,,2015-10-31 12:00:00+00:00
AUTO THEFT                    ,,,2016-10-10 12:00:00+00:00
THEFT BY SHOPLIFTING          ,,,2016-03-04 12:00:00+00:00
THEFT                         ,,,2016-10-25 12:00:00+00:00
THEFT                         ,,,2016-04-26 12:00:00+00:00
THEFT                         ,,,2016-07-21 12:00:00+00:00
THEFT                         ,,,2016-06-09 12:00:00+00:00
THEFT OF AUTO PARTS           ,,,2015-08-23 12:00:00+00:00
THEFT                         ,,,2015-02-13 12:00:00+00:00
BURGLARY NON RESIDENCE        ,,,2016-10-02 12:00:00+00:00
BURGLARY NON RESIDENCE        ,,,2016-10-02 12:00:00+00:00
THEFT                         ,,,2016-10-03 12:00:00+00:00
AUTO THEFT                    ,,,2015-02-17 12:00:00+00:00
THEFT                         ,,,2014-06-19 12:00:00+00:00
BURGLARY NON RESIDENCE        ,,,2016-11-14 12:00:00+00:00
THEFT                         ,,,2014-09-19 12:00:00+00:00
THEFT                         ,,,2015-10-19 12:00:00+00:00
THEFT                         ,30.242457,-97.78394,2014-11-18 12:00:00+00:00
BURGLARY OF VEHICLE           ,,,2016-05-17 12:00:00+00:00
THEFT                         ,30.236083,-97.844218,2014-02-13 12:00:00+00:00
AGG ASSAULT FAM/DATE VIOLENCE ,,,2015-04-30 12:00:00+00:00
THEFT                         ,,,2014-07-08 12:00:00+00:00
THEFT                         ,30.281456,-97.741,2014-12-06 12:00:00+00:00
AUTO THEFT                    ,30.22648,-97.763497,2014-04-12 12:00:00+00:00
BURG NON RESIDENCE SHEDS      ,30.29082,-97.685004,2014-05-07 12:00:00+00:00
THEFT FROM PERSON             ,30.266739,-97.738086,2014-08-19 12:00:00+00:00
THEFT                         ,30.331568,-97.6027,2014-10-31 12:00:00+00:00
BURGLARY OF VEHICLE           ,30.263691,-97.731432,2014-04-28 12:00:00+00:00
THEFT                         ,30.379002,-97.674471,2014-12-02 12:00:00+00:00
BURGLARY OF VEHICLE           ,30.264334,-97.730308,2014-07-13 12:00:00+00:00
AUTO THEFT                    ,30.231252,-97.706208,2014-03-31 12:00:00+00:00
THEFT                         ,30.235313,-97.876717,2014-03-02 12:00:00+00:00
BURGLARY OF VEHICLE           ,,,2014-06-24 12:00:00+00:00
THEFT OF METAL                ,30.209881,-97.725378,2014-12-23 12:00:00+00:00
THEFT OF METAL                ,30.209881,-97.725378,2014-12-30 12:00:00+00:00
THEFT OF LICENSE PLATE        ,30.233477,-97.818266,2014-11-24 12:00:00+00:00
BURGLARY OF RESIDENCE         ,30.1957,-97.740135,2014-03-17 12:00:00+00:00
THEFT OF BICYCLE              ,30.283199,-97.677685,2014-01-27 12:00:00+00:00
THEFT                         ,30.435703,-97.765457,2014-08-28 12:00:00+00:00
BURGLARY OF RESIDENCE         ,30.35027,-97.68813,2014-02-18 12:00:00+00:00
AUTO THEFT                    ,30.35027,-97.68813,2014-08-18 12:00:00+00:00
BURGLARY OF RESIDENCE         ,30.35027,-97.68813,2014-08-31 12:00:00+00:00
BREACH OF COMPUTER SECURITY   ,30.361473,-97.707574,2014-02-28 12:00:00+00:00
AUTO THEFT                    ,30.329128,-97.642041,2014-04-05 12:00:00+00:00
BURG NON RESIDENCE SHEDS      ,30.394466,-97.832679,2014-06-02 12:00:00+00:00
AGG ASSAULT                   ,,,2015-05-09 12:00:00+00:00
THEFT                         ,30.45817,-97.818894,2014-08-29 12:00:00+00:00
THEFT                         ,30.222155,-97.761552,2014-07-08 12:00:00+00:00
THEFT                         ,30.459458,-97.685942,2014-03-07 12:00:00+00:00
BURGLARY NON RESIDENCE        ,,,2015-08-09 12:00:00+00:00
BURGLARY OF VEHICLE           ,30.157818,-97.737992,2014-11-01 12:00:00+00:00
THEFT BY SHOPLIFTING          ,30.164969,-97.787871,2014-02-04 12:00:00+00:00
AUTO THEFT                    ,30.224385,-97.958825,2014-06-11 12:00:00+00:00
BURGLARY OF RESIDENCE         ,30.292786,-97.705678,2014-07-03 12:00:00+00:00
THEFT                         ,30.388199,-97.941703,2014-01-13 12:00:00+00:00
THEFT                         ,30.226668,-97.721249,2014-07-28 12:00:00+00:00
BURGLARY OF VEHICLE           ,30.242245,-97.784236,2014-11-27 12:00:00+00:00
AUTO THEFT                    ,30.283803,-97.638072,2014-11-17 12:00:00+00:00
BURGLARY OF VEHICLE           ,30.182791,-97.769222,2014-08-06 12:00:00+00:00
AGG ASSAULT                   ,30.272745,-97.695266,2014-04-01 12:00:00+00:00
AUTO THEFT                    ,30.43902,-97.777898,2014-05-05 12:00:00+00:00
BURGLARY OF VEHICLE           ,30.475859,-97.799477,2014-01-07 12:00:00+00:00
BURGLARY OF VEHICLE           ,30.371744,-97.687263,2014-11-27 12:00:00+00:00
BURGLARY NON RESIDENCE        ,30.257441,-97.802758,2014-03-31 12:00:00+00:00
THEFT OF LICENSE PLATE        ,30.458838,-97.792522,2014-03-24 12:00:00+00:00
THEFT OF METAL                ,30.458838,-97.792522,2014-07-03 12:00:00+00:00
THEFT                         ,30.462505,-97.793999,2014-03-10 12:00:00+00:00
AUTO THEFT                    ,30.222619,-97.694047,2014-05-20 12:00:00+00:00
BURGLARY OF VEHICLE           ,30.146765,-97.838781,2014-12-03 12:00:00+00:00
THEFT                         ,30.455828,-97.774347,2014-01-06 12:00:00+00:00
THEFT                         ,30.235215,-97.724048,2014-11-16 12:00:00+00:00
THEFT BY SHOPLIFTING          ,30.270918,-97.754287,2014-04-30 12:00:00+00:00
BURGLARY OF VEHICLE           ,30.294895,-97.630163,2014-03-12 12:00:00+00:00
THEFT                         ,30.350129,-97.716796,2014-07-08 12:00:00+00:00
AUTO THEFT                    ,30.43902,-97.777898,2014-03-01 12:00:00+00:00
THEFT                         ,30.253271,-97.731251,2014-09-01 12:00:00+00:00
BURGLARY OF VEHICLE           ,30.306622,-97.675423,2014-02-26 12:00:00+00:00
AUTO THEFT                    ,30.226223,-97.693844,2014-02-10 12:00:00+00:00
THEFT OF BICYCLE              ,30.380529,-97.877175,2014-12-16 12:00:00+00:00
BURGLARY OF VEHICLE           ,30.278274,-97.671817,2014-10-12 12:00:00+00:00
THEFT                         ,30.233264,-97.794096,2014-09-30 12:00:00+00:00
BURGLARY OF VEHICLE           ,30.243409,-97.808538,2014-03-22 12:00:00+00:00
THEFT                         ,30.328358,-97.710375,2014-07-21 12:00:00+00:00
THEFT                         ,30.242081,-97.717484,2014-09-03 12:00:00+00:00
THEFT                         ,30.3778,-97.678508,2014-06-20 12:00:00+00:00
THEFT FROM AUTO               ,30.232807,-97.807272,2014-09-03 12:00:00+00:00
THEFT                         ,30.234025,-97.811242,2014-04-07 12:00:00+00:00
THEFT BY SHOPLIFTING          ,30.423635,-97.702557,2014-04-01 12:00:00+00:00
THEFT BY SHOPLIFTING          ,30.423635,-97.702557,2014-05-12 12:00:00+00:00
AUTO THEFT                    ,30.329883,-97.681264,2014-01-22 12:00:00+00:00
THEFT                         ,30.269677,-97.748599,2014-09-18 12:00:00+00:00
BURGLARY OF VEHICLE           ,30.2,-97.77,2014-07-10 12:00:00+00:00
BURGLARY OF VEHICLE           ,30.386178,-97.742463,2014-11-14 12:00:00+00:00
THEFT                         ,30.426909,-97.755541,2014-04-21 12:00:00+00:00
BURGLARY OF VEHICLE           ,30.281922,-97.707986,2014-12-17 12:00:00+00:00
BURGLARY OF VEHICLE           ,30.21702,-97.693924,2014-12-28 12:00:00+00:00
BURGLARY OF VEHICLE           ,30.219733,-97.758588,2014-02-07 12:00:00+00:00
THEFT FROM PERSON             ,30.218661,-97.689378,2014-12-17 12:00:00+00:00
THEFT                         ,30.237063,-97.798235,2014-05-21 12:00:00+00:00
AUTO THEFT                    ,30.226579,-97.721193,2014-07-10 12:00:00+00:00
THEFT                         ,30.255443,-97.810066,2014-04-14 12:00:00+00:00
THEFT                         ,30.255443,-97.810066,2014-03-04 12:00:00+00:00
THEFT                         ,30.289304,-97.771962,2014-08-08 12:00:00+00:00
THEFT                         ,30.292841,-97.822667,2014-07-23 12:00:00+00:00
THEFT                         ,30.278145,-97.744104,2014-06-18 12:00:00+00:00
THEFT                         ,30.435916,-97.776139,2014-07-18 12:00:00+00:00
BURGLARY OF VEHICLE           ,30.361292,-97.716778,2014-06-19 12:00:00+00:00
THEFT                         ,30.440482,-97.745099,2014-07-09 12:00:00+00:00
THEFT BY SHOPLIFTING          ,30.255443,-97.810066,2014-09-01 12:00:00+00:00
THEFT                         ,30.248288,-97.776373,2014-07-16 12:00:00+00:00
BURGLARY OF VEHICLE           ,30.374491,-97.743014,2014-08-28 12:00:00+00:00
BURGLARY OF VEHICLE           ,30.382284,-97.740275,2014-07-10 12:00:00+00:00
RAPE                          ,,,2016-09-02 12:00:00+00:00
SEXUAL ASSAULT W/ OBJECT      ,,,2016-10-17 12:00:00+00:00
AUTO THEFT                    ,,,2016-07-04 12:00:00+00:00
THEFT OF BICYCLE              ,,,2015-09-22 12:00:00+00:00
THEFT OF BICYCLE              ,,,2015-10-23 12:00:00+00:00
BURGLARY OF VEHICLE           ,,,2016-12-18 12:00:00+00:00
BURGLARY OF VEHICLE           ,,,2016-06-30 12:00:00+00:00
THEFT OF BICYCLE              ,,,2015-02-05 12:00:00+00:00
THEFT                         ,,,2015-06-17 12:00:00+00:00
THEFT OF BICYCLE              ,,,2016-11-11 12:00:00+00:00
BURGLARY OF VEHICLE           ,,,2015-10-21 12:00:00+00:00
BURGLARY OF VEHICLE           ,,,2016-09-17 12:00:00+00:00
BURGLARY OF VEHICLE           ,,,2015-10-23 12:00:00+00:00
AGG ASLT ENHANC STRANGL/SUFFOC,,,2015-03-18 12:00:00+00:00
BURGLARY OF RESIDENCE         ,,,2016-11-26 12:00:00+00:00
THEFT BY SHOPLIFTING          ,,,2016-04-14 12:00:00+00:00
BURGLARY OF VEHICLE           ,,,2016-09-13 12:00:00+00:00
THEFT                         ,,,2016-10-28 12:00:00+00:00
BURGLARY OF RESIDENCE         ,,,2016-12-13 12:00:00+00:00
BURGLARY OF VEHICLE           ,,,2015-09-02 12:00:00+00:00
THEFT                         ,,,2016-01-22 12:00:00+00:00
THEFT                         ,,,2016-05-24 12:00:00+00:00
BURGLARY OF VEHICLE           ,,,2016-09-23 12:00:00+00:00
THEFT OF BICYCLE              ,,,2015-07-27 12:00:00+00:00
BURGLARY OF VEHICLE           ,,,2016-03-25 12:00:00+00:00
BURGLARY OF VEHICLE           ,,,2016-05-17 12:00:00+00:00
THEFT OF BICYCLE              ,,,2016-09-04 12:00:00+00:00
THEFT OF BICYCLE              ,,,2016-12-15 12:00:00+00:00
AGG ASLT STRANGLE/SUFFOCATE   ,,,2015-05-22 12:00:00+00:00
THEFT OF BICYCLE              ,,,2015-11-08 12:00:00+00:00
BURGLARY OF VEHICLE           ,,,2015-10-21 12:00:00+00:00
BURGLARY OF VEHICLE           ,,,2015-04-14 12:00:00+00:00
THEFT OF BICYCLE              ,,,2015-05-13 12:00:00+00:00
THEFT OF BICYCLE              ,,,2015-10-26 12:00:00+00:00
THEFT OF LICENSE PLATE        ,,,2016-03-07 12:00:00+00:00
BURGLARY OF VEHICLE           ,,,2016-04-06 12:00:00+00:00
BURGLARY OF VEHICLE           ,,,2016-07-04 12:00:00+00:00
THEFT                         ,,,2016-09-25 12:00:00+00:00
BURGLARY OF VEHICLE           ,,,2015-08-09 12:00:00+00:00
THEFT OF BICYCLE              ,,,2015-11-16 12:00:00+00:00
BURGLARY OF VEHICLE           ,,,2016-06-18 12:00:00+00:00
BURGLARY OF VEHICLE           ,,,2016-06-18 12:00:00+00:00
THEFT                         ,,,2015-11-10 12:00:00+00:00
BURGLARY OF VEHICLE           ,,,2016-04-28 12:00:00+00:00
BURGLARY OF RESIDENCE         ,,,2016-10-17 12:00:00+00:00
BURGLARY OF VEHICLE           ,,,2016-03-22 12:00:00+00:00
THEFT OF BICYCLE              ,,,2015-09-01 12:00:00+00:00
THEFT OF BICYCLE              ,,,2015-10-28 12:00:00+00:00
BURGLARY OF VEHICLE           ,,,2016-05-18 12:00:00+00:00
THEFT OF BICYCLE              ,,,2016-06-14 12:00:00+00:00
BURGLARY OF VEHICLE           ,,,2016-08-08 12:00:00+00:00
BURGLARY OF VEHICLE           ,,,2016-11-25 12:00:00+00:00
BURGLARY OF VEHICLE           ,,,2016-03-28 12:00:00+00:00
BURGLARY OF RESIDENCE         ,,,2015-06-01 12:00:00+00:00
BURGLARY OF VEHICLE           ,,,2016-10-19 12:00:00+00:00
BURGLARY OF VEHICLE           ,,,2015-08-04 12:00:00+00:00
THEFT FROM AUTO               ,,,2015-08-27 12:00:00+00:00
THEFT                         ,,,2016-04-14 12:00:00+00:00
BURGLARY OF VEHICLE           ,,,2016-04-16 12:00:00+00:00
THEFT OF BICYCLE              ,,,2015-10-27 12:00:00+00:00
THEFT OF BICYCLE              ,,,2016-07-17 12:00:00+00:00
ROBBERY BY THREAT             ,,,2015-03-30 12:00:00+00:00
THEFT                         ,,,2015-10-09 12:00:00+00:00
THEFT                         ,,,2016-01-24 12:00:00+00:00
BURGLARY NON RESIDENCE        ,,,2015-03-18 12:00:00+00:00
BURGLARY OF RESIDENCE         ,,,2015-07-07 12:00:00+00:00
THEFT                         ,,,2015-10-13 12:00:00+00:00
THEFT                         ,,,2016-09-07 12:00:00+00:00
THEFT OF BICYCLE              ,,,2015-04-21 12:00:00+00:00
BURGLARY OF VEHICLE           ,,,2015-04-24 12:00:00+00:00
AUTO THEFT                    ,,,2015-05-09 12:00:00+00:00
BURGLARY OF RESIDENCE         ,,,2015-08-15 12:00:00+00:00
BURGLARY OF VEHICLE           ,,,2015-11-13 12:00:00+00:00
THEFT                         ,,,2015-12-23 12:00:00+00:00
BURG NON RESIDENCE SHEDS      ,,,2015-04-16 12:00:00+00:00
BURG NON RESIDENCE SHEDS      ,,,2016-02-09 12:00:00+00:00
THEFT OF BICYCLE              ,,,2015-03-23 12:00:00+00:00
THEFT OF BICYCLE              ,,,2016-08-14 12:00:00+00:00
THEFT OF BICYCLE              ,,,2016-08-27 12:00:00+00:00
BURGLARY OF VEHICLE           ,,,2015-12-12 12:00:00+00:00
THEFT OF BICYCLE              ,,,2016-08-22 12:00:00+00:00
THEFT                         ,,,2015-11-12 12:00:00+00:00
THEFT                         ,,,2015-11-04 12:00:00+00:00
THEFT                         ,,,2015-09-23 12:00:00+00:00
AUTO THEFT                    ,,,2016-12-07 12:00:00+00:00
THEFT                         ,,,2016-01-15 12:00:00+00:00
THEFT                         ,,,2016-01-22 12:00:00+00:00
THEFT OF BICYCLE              ,,,2015-07-23 12:00:00+00:00
THEFT OF BICYCLE              ,,,2015-03-11 12:00:00+00:00
THEFT OF BICYCLE              ,,,2015-09-27 12:00:00+00:00
BURGLARY OF RESIDENCE         ,,,2016-01-08 12:00:00+00:00
THEFT OF BICYCLE              ,,,2015-03-27 12:00:00+00:00
THEFT                         ,,,2016-08-01 12:00:00+00:00
AGG ASSAULT FAM/DATE VIOLENCE ,,,2016-12-12 12:00:00+00:00
AUTO THEFT                    ,,,2015-12-24 12:00:00+00:00
THEFT OF LICENSE PLATE        ,,,2016-12-20 12:00:00+00:00
THEFT OF BICYCLE              ,,,2015-02-02 12:00:00+00:00
THEFT OF BICYCLE              ,,,2015-03-13 12:00:00+00:00
BURGLARY OF VEHICLE           ,,,2015-07-22 12:00:00+00:00
BURGLARY OF VEHICLE           ,,,2016-07-10 12:00:00+00:00
BURGLARY OF VEHICLE           ,,,2015-06-11 12:00:00+00:00
THEFT OF BICYCLE              ,,,2016-09-02 12:00:00+00:00
THEFT                         ,,,2015-09-24 12:00:00+00:00
THEFT                         ,,,2015-09-30 12:00:00+00:00
BURGLARY OF VEHICLE           ,,,2015-05-06 12:00:00+00:00
BURGLARY OF VEHICLE           ,,,2015-05-06 12:00:00+00:00
AUTO THEFT                    ,,,2016-05-19 12:00:00+00:00
BURGLARY OF VEHICLE           ,,,2016-06-20 12:00:00+00:00
THEFT                         ,,,2016-12-28 12:00:00+00:00
THEFT                         ,,,2015-02-12 12:00:00+00:00
BURGLARY OF VEHICLE           ,,,2015-12-17 12:00:00+00:00
BURGLARY OF VEHICLE           ,,,2015-06-22 12:00:00+00:00
THEFT OF LICENSE PLATE        ,,,2016-07-19 12:00:00+00:00
BURGLARY OF VEHICLE           ,,,2016-06-04 12:00:00+00:00
BURGLARY OF VEHICLE           ,,,2015-03-22 12:00:00+00:00
THEFT                         ,,,2016-05-26 12:00:00+00:00
THEFT OF BICYCLE              ,,,2015-01-12 12:00:00+00:00
THEFT OF BICYCLE              ,,,2015-01-15 12:00:00+00:00
THEFT                         ,,,2015-03-15 12:00:00+00:00
BURGLARY OF RESIDENCE         ,,,2016-05-06 12:00:00+00:00
BURGLARY OF VEHICLE           ,,,2016-05-06 12:00:00+00:00
BURGLARY OF VEHICLE           ,,,2016-05-17 12:00:00+00:00
AUTO THEFT                    ,,,2016-01-02 12:00:00+00:00
BURGLARY OF VEHICLE           ,,,2015-07-14 12:00:00+00:00
THEFT OF BICYCLE              ,,,2016-11-15 12:00:00+00:00
THEFT OF BICYCLE              ,,,2015-11-11 12:00:00+00:00
AUTO THEFT                    ,,,2015-01-30 12:00:00+00:00
BURGLARY OF VEHICLE           ,,,2015-07-13 12:00:00+00:00
BURGLARY OF VEHICLE           ,,,2015-05-06 12:00:00+00:00
BURGLARY OF VEHICLE           ,,,2015-12-11 12:00:00+00:00
BURGLARY OF VEHICLE           ,,,2016-07-12 12:00:00+00:00
BURGLARY OF VEHICLE           ,,,2016-09-27 12:00:00+00:00
BURGLARY OF VEHICLE           ,,,2015-08-27 12:00:00+00:00
THEFT OF BICYCLE              ,,,2016-09-20 12:00:00+00:00
THEFT OF BICYCLE              ,,,2016-11-30 12:00:00+00:00
BURGLARY NON RESIDENCE        ,,,2016-07-25 12:00:00+00:00
BURG NON RESIDENCE SHEDS      ,,,2016-08-06 12:00:00+00:00
THEFT                         ,,,2015-07-30 12:00:00+00:00
THEFT OF BICYCLE              ,,,2016-11-08 12:00:00+00:00
AUTO THEFT                    ,,,2016-12-24 12:00:00+00:00
THEFT OF BICYCLE              ,,,2015-06-12 12:00:00+00:00
THEFT OF BICYCLE              ,,,2015-10-28 12:00:00+00:00
THEFT OF BICYCLE              ,,,2016-11-15 12:00:00+00:00
THEFT OF BICYCLE              ,,,2016-04-26 12:00:00+00:00
THEFT FROM PERSON             ,,,2016-09-14 12:00:00+00:00
THEFT OF BICYCLE              ,,,2016-07-04 12:00:00+00:00
BURGLARY OF VEHICLE           ,,,2015-12-01 12:00:00+00:00
THEFT OF BICYCLE              ,,,2016-07-11 12:00:00+00:00
THEFT                         ,,,2016-06-29 12:00:00+00:00
THEFT                         ,,,2016-03-18 12:00:00+00:00
THEFT                         ,,,2016-12-05 12:00:00+00:00
BURGLARY OF VEHICLE           ,,,2015-10-21 12:00:00+00:00
BURGLARY OF VEHICLE           ,,,2015-11-20 12:00:00+00:00
BURGLARY OF VEHICLE           ,,,2016-07-20 12:00:00+00:00
BURGLARY OF VEHICLE           ,,,2016-05-17 12:00:00+00:00
THEFT OF BICYCLE              ,,,2015-10-10 12:00:00+00:00
THEFT OF BICYCLE              ,,,2015-10-22 12:00:00+00:00
THEFT OF LICENSE PLATE        ,,,2016-02-20 12:00:00+00:00
BURGLARY OF VEHICLE           ,,,2016-05-16 12:00:00+00:00
BURGLARY OF VEHICLE           ,,,2016-07-19 12:00:00+00:00
THEFT OF BICYCLE              ,,,2015-01-05 12:00:00+00:00
AUTO THEFT                    ,,,2016-03-28 12:00:00+00:00
THEFT OF BICYCLE              ,,,2016-04-20 12:00:00+00:00
THEFT OF LICENSE PLATE        ,,,2016-12-24 12:00:00+00:00
BURGLARY OF RESIDENCE         ,,,2015-04-05 12:00:00+00:00
BURGLARY OF VEHICLE           ,,,2016-08-29 12:00:00+00:00
THEFT                         ,,,2016-04-12 12:00:00+00:00
BURGLARY OF RESIDENCE         ,,,2016-09-03 12:00:00+00:00
THEFT OF VEHICLE/OTHER        ,,,2015-05-27 12:00:00+00:00
BURGLARY OF RESIDENCE         ,,,2016-04-21 12:00:00+00:00
BURGLARY NON RESIDENCE        ,,,2016-08-07 12:00:00+00:00
THEFT OF BICYCLE              ,,,2015-08-22 12:00:00+00:00
BURGLARY OF VEHICLE           ,,,2016-08-24 12:00:00+00:00
THEFT                         ,,,2016-07-24 12:00:00+00:00
THEFT FROM AUTO               ,,,2015-07-24 12:00:00+00:00
THEFT OF BICYCLE              ,,,2016-03-31 12:00:00+00:00
BURGLARY OF RESIDENCE         ,,,2015-05-04 12:00:00+00:00
AUTO THEFT                    ,,,2015-03-31 12:00:00+00:00
BURGLARY OF VEHICLE           ,,,2015-11-09 12:00:00+00:00
BURGLARY OF VEHICLE           ,,,2015-11-10 12:00:00+00:00
THEFT                         ,,,2015-12-22 12:00:00+00:00
THEFT OF BICYCLE              ,,,2015-10-28 12:00:00+00:00
BURGLARY OF RESIDENCE         ,,,2015-08-28 12:00:00+00:00
THEFT                         ,,,2016-05-10 12:00:00+00:00
THEFT                         ,,,2015-03-26 12:00:00+00:00
THEFT OF BICYCLE              ,,,2015-11-17 12:00:00+00:00
THEFT OF BICYCLE              ,,,2016-07-09 12:00:00+00:00
AUTO THEFT                    ,,,2016-01-17 12:00:00+00:00
THEFT OF BICYCLE              ,,,2015-04-05 12:00:00+00:00
THEFT OF BICYCLE              ,,,2016-05-05 12:00:00+00:00
BURGLARY OF VEHICLE           ,,,2015-02-06 12:00:00+00:00
THEFT OF BICYCLE              ,,,2015-08-01 12:00:00+00:00
THEFT OF METAL                ,,,2015-07-10 12:00:00+00:00
BURGLARY OF VEHICLE           ,,,2016-03-07 12:00:00+00:00
THEFT FROM AUTO               ,,,2016-06-14 12:00:00+00:00
BURGLARY OF VEHICLE           ,,,2016-10-10 12:00:00+00:00
THEFT OF BICYCLE              ,,,2016-11-06 12:00:00+00:00
BURGLARY OF VEHICLE           ,,,2016-12-06 12:00:00+00:00
AUTO THEFT                    ,,,2016-03-28 12:00:00+00:00
BURGLARY OF VEHICLE           ,,,2016-12-26 12:00:00+00:00
BURGLARY OF VEHICLE           ,,,2016-03-11 12:00:00+00:00
THEFT OF BICYCLE              ,,,2016-04-15 12:00:00+00:00
THEFT OF BICYCLE              ,,,2015-01-30 12:00:00+00:00
THEFT OF BICYCLE              ,,,2015-02-17 12:00:00+00:00
BURGLARY OF VEHICLE           ,,,2015-07-25 12:00:00+00:00
THEFT OF BICYCLE              ,,,2015-08-14 12:00:00+00:00
THEFT OF BICYCLE              ,,,2015-10-06 12:00:00+00:00
THEFT OF BICYCLE              ,,,2016-10-06 12:00:00+00:00
BURGLARY OF RESIDENCE         ,,,2016-10-12 12:00:00+00:00
THEFT                         ,,,2016-05-31 12:00:00+00:00
BURGLARY OF VEHICLE           ,,,2015-01-23 12:00:00+00:00
BURGLARY OF VEHICLE           ,,,2016-02-26 12:00:00+00:00
BURGLARY OF RESIDENCE         ,,,2016-04-18 12:00:00+00:00
THEFT                         ,,,2015-05-12 12:00:00+00:00
THEFT                         ,,,2016-09-11 12:00:00+00:00
BURG NON RESIDENCE SHEDS      ,,,2016-06-20 12:00:00+00:00
BURGLARY OF RESIDENCE         ,,,2015-08-18 12:00:00+00:00
THEFT                         ,,,2016-12-01 12:00:00+00:00
THEFT                         ,,,2015-04-16 12:00:00+00:00
THEFT                         ,,,2016-02-10 12:00:00+00:00
THEFT OF BICYCLE              ,,,2015-04-07 12:00:00+00:00
BURGLARY OF VEHICLE           ,,,2016-12-25 12:00:00+00:00
BURGLARY OF VEHICLE           ,,,2015-04-05 12:00:00+00:00
BURGLARY OF VEHICLE           ,,,2015-11-07 12:00:00+00:00
THEFT FROM AUTO               ,,,2015-09-28 12:00:00+00:00
THEFT OF AUTO PARTS           ,,,2015-08-18 12:00:00+00:00
BURGLARY OF VEHICLE           ,,,2015-02-01 12:00:00+00:00
BURGLARY OF RESIDENCE         ,,,2016-02-22 12:00:00+00:00
THEFT                         ,,,2015-08-04 12:00:00+00:00
BURGLARY NON RESIDENCE        ,,,2015-08-31 12:00:00+00:00
THEFT                         ,,,2015-06-25 12:00:00+00:00
AUTO THEFT                    ,,,2015-10-10 12:00:00+00:00
THEFT                         ,,,2016-05-22 12:00:00+00:00
THEFT                         ,,,2016-05-28 12:00:00+00:00
BURGLARY OF VEHICLE           ,,,2015-09-29 12:00:00+00:00
THEFT OF BICYCLE              ,,,2015-05-19 12:00:00+00:00
BURGLARY OF VEHICLE           ,,,2016-07-20 12:00:00+00:00
BURGLARY OF VEHICLE           ,,,2015-12-19 12:00:00+00:00
BURGLARY OF VEHICLE           ,,,2016-10-29 12:00:00+00:00
BURGLARY OF VEHICLE           ,,,2016-07-23 12:00:00+00:00
THEFT                         ,,,2015-05-20 12:00:00+00:00
BURGLARY OF VEHICLE           ,,,2015-04-22 12:00:00+00:00
BURGLARY OF VEHICLE           ,,,2015-10-06 12:00:00+00:00
BURG NON RESIDENCE SHEDS      ,,,2015-02-25 12:00:00+00:00
BURGLARY OF VEHICLE           ,,,2016-08-15 12:00:00+00:00
AUTO THEFT                    ,,,2015-12-20 12:00:00+00:00
BURGLARY OF VEHICLE           ,,,2015-10-29 12:00:00+00:00
BURGLARY OF RESIDENCE         ,,,2016-08-27 12:00:00+00:00
BURGLARY NON RESIDENCE        ,,,2016-11-05 12:00:00+00:00
THEFT                         ,,,2015-06-26 12:00:00+00:00
THEFT                         ,,,2015-08-05 12:00:00+00:00
BURGLARY OF VEHICLE           ,,,2016-04-28 12:00:00+00:00
THEFT OF BICYCLE              ,,,2016-12-09 12:00:00+00:00
THEFT OF BICYCLE              ,,,2015-11-02 12:00:00+00:00
THEFT OF BICYCLE              ,,,2016-04-20 12:00:00+00:00
THEFT OF BICYCLE              ,,,2016-08-29 12:00:00+00:00
THEFT OF BICYCLE              ,,,2016-10-24 12:00:00+00:00
THEFT OF BICYCLE              ,,,2016-05-03 12:00:00+00:00
BURGLARY OF VEHICLE           ,,,2016-03-09 12:00:00+00:00
BURGLARY OF VEHICLE           ,,,2016-09-12 12:00:00+00:00
BURGLARY OF RESIDENCE         ,,,2016-05-22 12:00:00+00:00
THEFT OF BICYCLE              ,,,2015-04-22 12:00:00+00:00
BURGLARY OF VEHICLE           ,,,2015-12-16 12:00:00+00:00
THEFT OF AUTO PARTS           ,,,2016-09-05 12:00:00+00:00
THEFT OF BICYCLE              ,,,2015-07-23 12:00:00+00:00
BURGLARY OF VEHICLE           ,,,2016-06-13 12:00:00+00:00
BURGLARY OF VEHICLE           ,,,2016-08-08 12:00:00+00:00
ROBBERY BY THREAT             ,,,2016-02-14 12:00:00+00:00
THEFT                         ,,,2015-08-02 12:00:00+00:00
THEFT                         ,,,2015-09-02 12:00:00+00:00
BURGLARY OF VEHICLE           ,,,2016-05-23 12:00:00+00:00
THEFT OF BICYCLE              ,,,2016-06-29 12:00:00+00:00
THEFT OF BICYCLE              ,,,2015-04-25 12:00:00+00:00
THEFT OF BICYCLE              ,,,2015-09-27 12:00:00+00:00
BURGLARY OF VEHICLE           ,,,2016-03-09 12:00:00+00:00
THEFT                         ,,,2014-09-22 12:00:00+00:00
THEFT                         ,,,2015-04-25 12:00:00+00:00
BURGLARY OF VEHICLE           ,,,2015-03-20 12:00:00+00:00
BURGLARY OF VEHICLE           ,,,2016-09-08 12:00:00+00:00
THEFT OF BICYCLE              ,,,2014-03-24 12:00:00+00:00
THEFT OF BICYCLE              ,,,2014-01-27 12:00:00+00:00
THEFT                         ,,,2016-06-19 12:00:00+00:00
BURGLARY OF VEHICLE           ,,,2016-08-21 12:00:00+00:00
THEFT                         ,,,2016-10-11 12:00:00+00:00
THEFT BY SHOPLIFTING          ,,,2015-09-17 12:00:00+00:00
THEFT OF BICYCLE              ,,,2016-05-13 12:00:00+00:00
THEFT                         ,,,2016-09-30 12:00:00+00:00
THEFT                         ,,,2015-04-07 12:00:00+00:00
THEFT OF BICYCLE              ,,,2015-09-29 12:00:00+00:00
THEFT OF BICYCLE              ,,,2016-07-13 12:00:00+00:00
THEFT OF BICYCLE              ,,,2015-07-27 12:00:00+00:00
BURGLARY OF VEHICLE           ,,,2016-03-25 12:00:00+00:00
THEFT OF BICYCLE              ,,,2016-08-16 12:00:00+00:00
THEFT OF BICYCLE              ,,,2015-03-24 12:00:00+00:00
THEFT                         ,,,2016-09-05 12:00:00+00:00
BURGLARY OF VEHICLE           ,,,2014-05-28 12:00:00+00:00
BURGLARY OF VEHICLE           ,,,2015-05-13 12:00:00+00:00
THEFT FROM PERSON             ,,,2014-08-24 12:00:00+00:00
THEFT                         ,,,2015-08-13 12:00:00+00:00
RAPE                          ,30.292467,-97.737978,2014-12-17 12:00:00+00:00
BURGLARY OF VEHICLE           ,,,2015-11-26 12:00:00+00:00
AUTO THEFT                    ,,,2015-04-03 12:00:00+00:00
AUTO THEFT                    ,,,2014-02-03 12:00:00+00:00
THEFT OF BICYCLE              ,30.294397,-97.7358,2014-09-15 12:00:00+00:00
THEFT                         ,30.289725,-97.733767,2014-08-30 12:00:00+00:00
THEFT OF BICYCLE              ,30.289595,-97.733454,2014-10-28 12:00:00+00:00
THEFT OF BICYCLE              ,30.289595,-97.733454,2014-04-22 12:00:00+00:00
THEFT OF LICENSE PLATE        ,30.292,-97.731377,2014-04-26 12:00:00+00:00
THEFT OF BICYCLE              ,,,2015-04-20 12:00:00+00:00
THEFT OF BICYCLE              ,30.296814,-97.73608,2014-02-03 12:00:00+00:00
THEFT                         ,30.29689,-97.736241,2014-10-23 12:00:00+00:00
THEFT                         ,30.29689,-97.736241,2014-09-11 12:00:00+00:00
THEFT                         ,30.29507,-97.736652,2014-01-09 12:00:00+00:00
THEFT OF BICYCLE              ,30.293941,-97.73701,2014-06-10 12:00:00+00:00
THEFT                         ,30.293941,-97.73701,2014-04-16 12:00:00+00:00
BURGLARY OF VEHICLE           ,30.29574,-97.734999,2014-05-28 12:00:00+00:00
THEFT OF BICYCLE              ,30.29355,-97.734781,2014-01-31 12:00:00+00:00
THEFT OF BICYCLE              ,30.29355,-97.734781,2014-09-22 12:00:00+00:00
BURGLARY OF VEHICLE           ,30.29552,-97.736729,2014-08-11 12:00:00+00:00
THEFT OF BICYCLE              ,30.300188,-97.73691,2014-04-10 12:00:00+00:00
AUTO THEFT                    ,30.295675,-97.73592,2014-09-18 12:00:00+00:00
BURGLARY OF VEHICLE           ,30.295675,-97.73592,2014-07-12 12:00:00+00:00
BURGLARY OF VEHICLE           ,30.295675,-97.73592,2014-03-11 12:00:00+00:00
BURGLARY OF RESIDENCE         ,30.29462,-97.732422,2014-12-07 12:00:00+00:00
BURGLARY OF VEHICLE           ,30.29462,-97.732422,2014-03-11 12:00:00+00:00
BURGLARY OF RESIDENCE         ,30.29462,-97.732422,2014-03-02 12:00:00+00:00
BURGLARY OF VEHICLE           ,30.29656,-97.735349,2014-07-14 12:00:00+00:00
THEFT                         ,30.29656,-97.735349,2014-07-19 12:00:00+00:00
THEFT                         ,30.295333,-97.73196,2014-05-15 12:00:00+00:00
THEFT OF BICYCLE              ,30.297606,-97.73542,2014-12-10 12:00:00+00:00
THEFT OF BICYCLE              ,30.300377,-97.73731,2014-08-26 12:00:00+00:00
BURGLARY OF VEHICLE           ,30.300377,-97.73731,2014-12-12 12:00:00+00:00
BURGLARY OF RESIDENCE         ,30.292255,-97.73488,2014-05-24 12:00:00+00:00
THEFT OF BICYCLE              ,30.292255,-97.73488,2014-05-13 12:00:00+00:00
BURGLARY OF RESIDENCE         ,30.292255,-97.73488,2014-11-10 12:00:00+00:00
THEFT                         ,30.296218,-97.74149,2014-05-08 12:00:00+00:00
THEFT                         ,30.296168,-97.736761,2014-03-07 12:00:00+00:00
BURGLARY OF VEHICLE           ,30.296884,-97.736228,2014-01-29 12:00:00+00:00
THEFT                         ,30.299778,-97.733588,2014-08-18 12:00:00+00:00
THEFT OF BICYCLE              ,30.298446,-97.735799,2014-08-06 12:00:00+00:00
THEFT                         ,30.296504,-97.737478,2014-06-25 12:00:00+00:00
THEFT OF BICYCLE              ,30.294708,-97.736194,2014-10-01 12:00:00+00:00
THEFT OF BICYCLE              ,30.294708,-97.736194,2014-10-01 12:00:00+00:00
THEFT OF BICYCLE              ,30.294708,-97.736194,2014-08-26 12:00:00+00:00
BURGLARY OF VEHICLE           ,30.297373,-97.737407,2014-06-17 12:00:00+00:00
BURGLARY OF RESIDENCE         ,30.295701,-97.738009,2014-09-15 12:00:00+00:00
BURGLARY OF VEHICLE           ,30.298264,-97.736967,2014-06-12 12:00:00+00:00
THEFT OF BICYCLE              ,30.295878,-97.735307,2014-09-07 12:00:00+00:00
THEFT FROM PERSON             ,30.295878,-97.735307,2014-03-10 12:00:00+00:00
THEFT OF BICYCLE              ,30.299924,-97.732337,2014-06-12 12:00:00+00:00
THEFT                         ,30.291709,-97.734281,2014-06-18 12:00:00+00:00
THEFT OF BICYCLE              ,30.293028,-97.735847,2014-04-28 12:00:00+00:00
AUTO THEFT                    ,30.295312,-97.738148,2014-09-01 12:00:00+00:00
BURGLARY OF VEHICLE           ,30.295312,-97.738148,2014-01-11 12:00:00+00:00
BURGLARY OF VEHICLE           ,30.295312,-97.738148,2014-04-22 12:00:00+00:00
THEFT OF BICYCLE              ,30.295312,-97.738148,2014-01-13 12:00:00+00:00
THEFT FROM PERSON             ,30.295312,-97.738148,2014-07-24 12:00:00+00:00
THEFT OF BICYCLE              ,30.295312,-97.738148,2014-07-24 12:00:00+00:00
BURG NON RESIDENCE SHEDS      ,30.295312,-97.738148,2014-06-26 12:00:00+00:00
BURGLARY OF VEHICLE           ,30.292478,-97.733764,2014-04-22 12:00:00+00:00
BURGLARY OF VEHICLE           ,30.296751,-97.740681,2014-11-16 12:00:00+00:00
BURGLARY OF RESIDENCE         ,30.296751,-97.740681,2014-09-09 12:00:00+00:00
BURGLARY OF VEHICLE           ,30.299931,-97.736373,2014-10-13 12:00:00+00:00
BURGLARY OF VEHICLE           ,30.299931,-97.736373,2014-12-13 12:00:00+00:00
THEFT OF BICYCLE              ,30.293056,-97.735881,2014-12-05 12:00:00+00:00
THEFT OF BICYCLE              ,30.297376,-97.732981,2014-08-13 12:00:00+00:00
BURGLARY OF RESIDENCE         ,30.297389,-97.733008,2014-11-19 12:00:00+00:00
BURGLARY OF VEHICLE           ,30.299596,-97.731639,2014-02-02 12:00:00+00:00
THEFT OF BICYCLE              ,30.292698,-97.735439,2014-06-03 12:00:00+00:00
THEFT OF BICYCLE              ,30.292698,-97.735439,2014-12-31 12:00:00+00:00
THEFT                         ,30.293436,-97.734644,2014-05-23 12:00:00+00:00
THEFT OF BICYCLE              ,30.293436,-97.734644,2014-10-06 12:00:00+00:00
AUTO THEFT                    ,30.295316,-97.736854,2014-09-02 12:00:00+00:00
BURGLARY OF RESIDENCE         ,30.295901,-97.737735,2014-01-23 12:00:00+00:00
BURGLARY OF RESIDENCE         ,30.296072,-97.737632,2014-01-23 12:00:00+00:00
BURGLARY OF RESIDENCE         ,30.295669,-97.737875,2014-01-23 12:00:00+00:00
THEFT OF BICYCLE              ,30.293303,-97.734471,2014-07-08 12:00:00+00:00
BURGLARY OF VEHICLE           ,30.293303,-97.734471,2014-02-23 12:00:00+00:00
THEFT OF BICYCLE              ,30.293303,-97.734471,2014-10-06 12:00:00+00:00
BURGLARY OF RESIDENCE         ,30.301012,-97.736686,2014-10-19 12:00:00+00:00
THEFT OF BICYCLE              ,30.296142,-97.736344,2014-08-27 12:00:00+00:00
THEFT OF BICYCLE              ,30.296142,-97.736344,2014-04-05 12:00:00+00:00
THEFT                         ,30.296142,-97.736344,2014-09-06 12:00:00+00:00
THEFT OF BICYCLE              ,30.296142,-97.736344,2014-09-26 12:00:00+00:00
THEFT OF BICYCLE              ,30.301748,-97.736128,2014-10-03 12:00:00+00:00
AGG ASLT STRANGLE/SUFFOCATE   ,30.301748,-97.736128,2014-06-28 12:00:00+00:00
BURGLARY OF RESIDENCE         ,30.295468,-97.731873,2014-05-26 12:00:00+00:00
BURGLARY OF VEHICLE           ,30.298392,-97.734945,2014-10-13 12:00:00+00:00
THEFT OF BICYCLE              ,30.299251,-97.735792,2014-02-14 12:00:00+00:00
BURGLARY OF RESIDENCE         ,30.298943,-97.734598,2014-01-26 12:00:00+00:00
BURGLARY OF VEHICLE           ,30.299079,-97.734513,2014-10-14 12:00:00+00:00
THEFT OF BICYCLE              ,30.299079,-97.734513,2014-11-18 12:00:00+00:00
BURGLARY OF VEHICLE           ,30.299497,-97.734253,2014-06-12 12:00:00+00:00
AUTO THEFT                    ,30.299946,-97.733982,2014-02-09 12:00:00+00:00
THEFT OF BICYCLE              ,30.299946,-97.733982,2014-07-14 12:00:00+00:00
THEFT OF BICYCLE              ,30.300184,-97.733829,2014-08-05 12:00:00+00:00
THEFT OF BICYCLE              ,30.300184,-97.733829,2014-09-06 12:00:00+00:00
THEFT OF BICYCLE              ,30.300473,-97.735057,2014-09-26 12:00:00+00:00
BURGLARY OF VEHICLE           ,30.299559,-97.738002,2014-07-03 12:00:00+00:00
BURGLARY OF VEHICLE           ,30.292373,-97.735028,2014-04-22 12:00:00+00:00
THEFT                         ,30.299364,-97.739142,2014-04-27 12:00:00+00:00
THEFT OF BICYCLE              ,30.300626,-97.737861,2014-09-01 12:00:00+00:00
THEFT                         ,30.302236,-97.737204,2014-05-23 12:00:00+00:00
BURGLARY OF VEHICLE           ,30.292763,-97.733749,2014-11-13 12:00:00+00:00
BURGLARY OF RESIDENCE         ,30.292763,-97.733749,2014-11-13 12:00:00+00:00
AUTO THEFT                    ,30.292763,-97.733749,2014-11-13 12:00:00+00:00
BURGLARY OF RESIDENCE         ,30.299441,-97.739313,2014-04-26 12:00:00+00:00
BURGLARY OF VEHICLE           ,30.298818,-97.740485,2014-03-29 12:00:00+00:00
BURGLARY OF RESIDENCE         ,30.302512,-97.737753,2014-03-18 12:00:00+00:00
THEFT OF BICYCLE              ,30.290792,-97.73388,2014-08-16 12:00:00+00:00
THEFT OF BICYCLE              ,30.296723,-97.728107,2014-08-27 12:00:00+00:00
THEFT FROM BUILDING           ,30.294826,-97.734947,2014-05-05 12:00:00+00:00
BURGLARY OF RESIDENCE         ,30.294826,-97.734947,2014-11-17 12:00:00+00:00
BURGLARY OF VEHICLE           ,30.293043,-97.73411,2014-08-02 12:00:00+00:00
BURGLARY OF VEHICLE           ,30.297779,-97.733423,2014-06-15 12:00:00+00:00
THEFT                         ,30.290783,-97.733861,2014-08-11 12:00:00+00:00
BURGLARY OF RESIDENCE         ,30.290783,-97.733861,2014-09-03 12:00:00+00:00
BURG NON RESIDENCE SHEDS      ,30.290504,-97.733271,2014-11-26 12:00:00+00:00
AGG ASLT STRANGLE/SUFFOCATE   ,30.296046,-97.72905,2014-12-28 12:00:00+00:00
THEFT OF BICYCLE              ,30.294505,-97.728239,2014-06-19 12:00:00+00:00
BURGLARY OF VEHICLE           ,30.297102,-97.739909,2014-08-13 12:00:00+00:00
BURGLARY OF VEHICLE           ,30.293394,-97.731991,2014-10-28 12:00:00+00:00
THEFT OF BICYCLE              ,30.293994,-97.731596,2014-02-05 12:00:00+00:00
THEFT OF BICYCLE              ,30.291783,-97.733854,2014-05-12 12:00:00+00:00
BURGLARY OF VEHICLE           ,30.296422,-97.729922,2014-10-28 12:00:00+00:00
BURGLARY OF VEHICLE           ,30.297904,-97.737231,2014-12-10 12:00:00+00:00
ROBBERY BY ASSAULT            ,30.30252,-97.738273,2014-01-12 12:00:00+00:00
THEFT OF BICYCLE              ,30.292393,-97.733024,2014-09-01 12:00:00+00:00
THEFT FROM PERSON             ,30.296712,-97.741968,2014-12-05 12:00:00+00:00
THEFT                         ,30.297906,-97.741201,2014-03-13 12:00:00+00:00
THEFT                         ,30.297906,-97.741201,2014-02-24 12:00:00+00:00
THEFT                         ,30.297906,-97.741201,2014-03-13 12:00:00+00:00
THEFT OF BICYCLE              ,30.297906,-97.741201,2014-09-24 12:00:00+00:00
BURGLARY NON RESIDENCE        ,30.297906,-97.741201,2014-09-21 12:00:00+00:00
THEFT BY SHOPLIFTING          ,30.297906,-97.741201,2014-03-13 12:00:00+00:00
BURGLARY NON RESIDENCE        ,30.293518,-97.734461,2014-10-03 12:00:00+00:00
THEFT OF BICYCLE              ,30.293663,-97.734376,2014-09-01 12:00:00+00:00
THEFT OF BICYCLE              ,30.293954,-97.734204,2014-04-07 12:00:00+00:00
THEFT OF BICYCLE              ,30.293954,-97.734204,2014-12-01 12:00:00+00:00
THEFT OF BICYCLE              ,30.293954,-97.734204,2014-10-09 12:00:00+00:00
THEFT OF BICYCLE              ,30.293954,-97.734204,2014-01-01 12:00:00+00:00
THEFT OF BICYCLE              ,30.294389,-97.734038,2014-10-16 12:00:00+00:00
THEFT OF BICYCLE              ,30.294389,-97.734038,2014-02-10 12:00:00+00:00
BURGLARY OF VEHICLE           ,30.300491,-97.739591,2014-05-23 12:00:00+00:00
AUTO THEFT                    ,30.297515,-97.732081,2014-05-22 12:00:00+00:00
THEFT OF BICYCLE              ,30.298744,-97.731315,2014-11-23 12:00:00+00:00
THEFT                         ,30.298564,-97.738789,2014-09-11 12:00:00+00:00
BURGLARY OF RESIDENCE         ,30.294875,-97.737133,2014-11-27 12:00:00+00:00
THEFT FROM PERSON             ,30.29022,-97.734483,2014-03-25 12:00:00+00:00
THEFT                         ,30.291639,-97.73529,2014-07-16 12:00:00+00:00
BURGLARY OF VEHICLE           ,30.294787,-97.729903,2014-10-15 12:00:00+00:00
THEFT OF BICYCLE              ,30.294913,-97.729823,2014-07-22 12:00:00+00:00
THEFT                         ,30.290511,-97.734517,2014-08-25 12:00:00+00:00
THEFT OF BICYCLE              ,30.290605,-97.734536,2014-11-14 12:00:00+00:00
BURGLARY NON RESIDENCE        ,30.290605,-97.734536,2014-12-13 12:00:00+00:00
RAPE                          ,,,2015-06-07 12:00:00+00:00
RAPE                          ,,,2015-06-28 12:00:00+00:00
RAPE                          ,,,2015-08-05 12:00:00+00:00
AGG RAPE                      ,,,2015-10-18 12:00:00+00:00
SEXUAL ASSAULT W/ OBJECT      ,,,2016-03-20 12:00:00+00:00
SEXUAL ASSAULT W/ OBJECT      ,,,2016-05-18 12:00:00+00:00
SEXUAL ASSAULT W/ OBJECT      ,,,2016-06-04 12:00:00+00:00
RAPE                          ,,,2016-07-02 12:00:00+00:00
RAPE                          ,,,2016-12-18 12:00:00+00:00
THEFT OF BICYCLE              ,,,2015-03-30 12:00:00+00:00
THEFT                         ,,,2015-12-07 12:00:00+00:00
BURGLARY OF VEHICLE           ,,,2015-01-23 12:00:00+00:00
BURGLARY OF VEHICLE           ,,,2016-09-26 12:00:00+00:00
THEFT OF BICYCLE              ,,,2015-09-02 12:00:00+00:00
THEFT OF BICYCLE              ,,,2016-01-29 12:00:00+00:00
AUTO THEFT                    ,,,2016-02-25 12:00:00+00:00
THEFT                         ,,,2016-09-26 12:00:00+00:00
BURGLARY OF VEHICLE           ,,,2016-11-13 12:00:00+00:00
THEFT OF BICYCLE              ,,,2016-11-19 12:00:00+00:00
THEFT                         ,,,2016-01-02 12:00:00+00:00
AGG ASSAULT                   ,,,2015-08-18 12:00:00+00:00
BREACH OF COMPUTER SECURITY   ,,,2016-04-12 12:00:00+00:00
